Country,Measure,Year,WasteValue
Austria,RECYCLING,2020,3006
Czechia,RECYCLING,2004,138
Czechia,RECYCLING,2017,1134
Denmark,RECYCLING,1995,391
Denmark,RECYCLING,2011,1364
Estonia,RECYCLING,2008,78
Finland,RECYCLING,2015,770
Hungary,RECYCLING,2004,501
Ireland,RECYCLING,2019,858
Ireland,RECYCLING,2020,948
Italy,RECYCLING,2007,5536
Italy,RECYCLING,2015,7864
Lithuania,RECYCLING,2008,101
Luxembourg,RECYCLING,2016,136
Netherlands,RECYCLING,2008,2450
Norway,RECYCLING,2001,496
Norway,RECYCLING,2014,567
Norway,RECYCLING,2016,1105
Norway,RECYCLING,2020,1379
Poland,RECYCLING,2014,2180
Poland,RECYCLING,2023,2120
Portugal,RECYCLING,2002,213
Portugal,RECYCLING,2007,528
Slovak Republic,RECYCLING,2005,14
Slovenia,RECYCLING,2015,430
Sweden,RECYCLING,2020,898
Türkiye,RECYCLING,2016,2946
United Kingdom,RECYCLING,2000,2836
Romania,RECYCLING,2003,17
Romania,RECYCLING,2010,162
Australia,RECYCLING,2008,4020
Australia,RECYCLING,2012,4314
Australia,RECYCLING,2013,4234
Austria,RECYCLING,2001,1125
Austria,RECYCLING,2002,1115
Austria,RECYCLING,2003,1110
Austria,RECYCLING,2019,1363
Denmark,RECYCLING,2009,1310
Denmark,RECYCLING,2010,1310
Denmark,RECYCLING,2020,1214
Germany,RECYCLING,2019,24293
Germany,RECYCLING,2023,22621
Luxembourg,RECYCLING,2019,146
Netherlands,RECYCLING,2022,2353
Poland,RECYCLING,2015,2867
Poland,RECYCLING,2016,3243
Poland,RECYCLING,2017,3199
Poland,RECYCLING,2018,3269
Poland,RECYCLING,2019,3192
Slovak Republic,RECYCLING,1997,35
Slovenia,RECYCLING,2016,380
Slovenia,RECYCLING,2017,412
Slovenia,RECYCLING,2018,429
Slovenia,RECYCLING,2019,447
Slovenia,RECYCLING,2020,460
Spain,RECYCLING,2022,4839
Spain,RECYCLING,2023,4665
Türkiye,RECYCLING,2017,2982
Türkiye,RECYCLING,2019,3902
Türkiye,RECYCLING,2021,4199
Bulgaria,RECYCLING,1998,776
Bulgaria,RECYCLING,1999,769
Bulgaria,RECYCLING,2000,775
Bulgaria,RECYCLING,2001,770
Bulgaria,RECYCLING,2002,770
Bulgaria,RECYCLING,2003,774
Bulgaria,RECYCLING,2004,793
Bulgaria,RECYCLING,2005,822
Bulgaria,RECYCLING,2006,839
Bulgaria,RECYCLING,2007,858
Bulgaria,RECYCLING,2008,871
Bulgaria,RECYCLING,2009,887
Romania,RECYCLING,2020,310
Romania,RECYCLING,2021,384
Czechia,RECYCLING,2005,166
Czechia,RECYCLING,2006,201
Czechia,RECYCLING,2007,276
Czechia,RECYCLING,2008,280
Czechia,RECYCLING,2009,353
Czechia,RECYCLING,2010,452
Czechia,RECYCLING,2011,496
Czechia,RECYCLING,2012,665
Czechia,RECYCLING,2013,686
Czechia,RECYCLING,2014,736
Czechia,RECYCLING,2015,851
Czechia,RECYCLING,2016,958
France,RECYCLING,2006,5806
France,RECYCLING,2008,6385
France,RECYCLING,2010,6937
France,RECYCLING,2012,7293
France,RECYCLING,2014,7605
France,RECYCLING,2016,7992
France,RECYCLING,2017,8182
France,RECYCLING,2018,7960
France,RECYCLING,2019,8168
France,RECYCLING,2020,8495
France,RECYCLING,2021,9515
France,RECYCLING,2022,8298
France,RECYCLING,2023,8191
OECD America,RECYCLING,1995,17
OECD America,RECYCLING,1996,15
OECD America,RECYCLING,1997,15
OECD America,RECYCLING,1998,17
OECD America,RECYCLING,1999,17
OECD America,RECYCLING,2000,17
OECD America,RECYCLING,2001,18
OECD America,RECYCLING,2002,18
OECD America,RECYCLING,2003,18
OECD America,RECYCLING,2004,18
OECD America,RECYCLING,2005,19
OECD America,RECYCLING,2006,19
OECD America,RECYCLING,2007,19
OECD America,RECYCLING,2008,19
OECD America,RECYCLING,2009,19
OECD America,RECYCLING,2010,20
OECD America,RECYCLING,2011,20
OECD America,RECYCLING,2012,20
OECD America,RECYCLING,2013,20
OECD America,RECYCLING,2014,20
OECD America,RECYCLING,2015,20
OECD America,RECYCLING,2016,20
OECD America,RECYCLING,2017,20
OECD America,RECYCLING,2018,20
OECD America,RECYCLING,2019,20
OECD America,RECYCLING,2020,20
OECD America,RECYCLING,2021,20
OECD America,RECYCLING,2022,20
OECD America,RECYCLING,2023,20
OECD Asia Oceania,RECYCLING,1995,14
OECD Asia Oceania,RECYCLING,1996,15
OECD Asia Oceania,RECYCLING,1997,16
OECD Asia Oceania,RECYCLING,1998,17
OECD Asia Oceania,RECYCLING,1999,19
OECD Asia Oceania,RECYCLING,2000,20
OECD Asia Oceania,RECYCLING,2001,21
OECD Asia Oceania,RECYCLING,2002,21
OECD Asia Oceania,RECYCLING,2003,22
OECD Asia Oceania,RECYCLING,2004,23
OECD Asia Oceania,RECYCLING,2005,25
OECD Asia Oceania,RECYCLING,2006,26
OECD Asia Oceania,RECYCLING,2007,27
OECD Asia Oceania,RECYCLING,2008,28
OECD Asia Oceania,RECYCLING,2009,27
OECD Asia Oceania,RECYCLING,2010,27
OECD Asia Oceania,RECYCLING,2011,27
OECD Asia Oceania,RECYCLING,2012,28
OECD Asia Oceania,RECYCLING,2013,28
OECD Asia Oceania,RECYCLING,2014,27
OECD Asia Oceania,RECYCLING,2015,27
OECD Asia Oceania,RECYCLING,2016,27
OECD Asia Oceania,RECYCLING,2017,27
OECD Asia Oceania,RECYCLING,2018,28
OECD Asia Oceania,RECYCLING,2019,27
OECD Asia Oceania,RECYCLING,2020,27
OECD Asia Oceania,RECYCLING,2021,26
OECD Asia Oceania,RECYCLING,2022,27
OECD Asia Oceania,RECYCLING,2023,27
OECD Europe,RECYCLING,1995,12
OECD Europe,RECYCLING,1996,13
OECD Europe,RECYCLING,1997,14
OECD Europe,RECYCLING,1998,15
OECD Europe,RECYCLING,1999,17
OECD Europe,RECYCLING,2000,17
OECD Europe,RECYCLING,2001,17
OECD Europe,RECYCLING,2002,19
OECD Europe,RECYCLING,2003,19
OECD Europe,RECYCLING,2004,20
OECD Europe,RECYCLING,2005,21
OECD Europe,RECYCLING,2006,21
OECD Europe,RECYCLING,2007,23
OECD Europe,RECYCLING,2008,24
OECD Europe,RECYCLING,2009,24
OECD Europe,RECYCLING,2010,25
OECD Europe,RECYCLING,2011,25
OECD Europe,RECYCLING,2012,26
OECD Europe,RECYCLING,2013,26
OECD Europe,RECYCLING,2014,27
OECD Europe,RECYCLING,2015,28
OECD Europe,RECYCLING,2016,28
OECD Europe,RECYCLING,2017,28
OECD Europe,RECYCLING,2018,28
OECD Europe,RECYCLING,2019,28
OECD Europe,RECYCLING,2020,28
OECD Europe,RECYCLING,2021,29
OECD Europe,RECYCLING,2022,29
OECD Europe,RECYCLING,2023,28
OECD,RECYCLING,1995,14
OECD,RECYCLING,1996,14
OECD,RECYCLING,1997,15
OECD,RECYCLING,1998,16
OECD,RECYCLING,1999,17
OECD,RECYCLING,2000,17
OECD,RECYCLING,2001,18
OECD,RECYCLING,2002,19
OECD,RECYCLING,2003,19
OECD,RECYCLING,2004,20
OECD,RECYCLING,2005,20
OECD,RECYCLING,2006,21
OECD,RECYCLING,2007,22
OECD,RECYCLING,2008,22
OECD,RECYCLING,2009,22
OECD,RECYCLING,2010,23
OECD,RECYCLING,2011,23
OECD,RECYCLING,2012,23
OECD,RECYCLING,2013,23
OECD,RECYCLING,2014,24
OECD,RECYCLING,2015,24
OECD,RECYCLING,2016,24
OECD,RECYCLING,2017,24
OECD,RECYCLING,2018,24
OECD,RECYCLING,2019,24
OECD,RECYCLING,2020,24
OECD,RECYCLING,2021,24
OECD,RECYCLING,2022,24
OECD,RECYCLING,2023,24
Australia,RECYCLING,2007,22
Australia,RECYCLING,2008,31
Australia,RECYCLING,2009,24
Australia,RECYCLING,2010,25
Australia,RECYCLING,2011,24
Australia,RECYCLING,2012,32
Australia,RECYCLING,2013,31
Australia,RECYCLING,2014,25
Australia,RECYCLING,2015,24
Australia,RECYCLING,2016,24
Australia,RECYCLING,2017,21
Australia,RECYCLING,2018,22
Australia,RECYCLING,2019,22
Australia,RECYCLING,2020,21
Australia,RECYCLING,2021,17
Australia,RECYCLING,2022,18
Australia,RECYCLING,2023,18
Austria,RECYCLING,1990,10
Austria,RECYCLING,1991,16
Austria,RECYCLING,1992,18
Austria,RECYCLING,1993,19
Austria,RECYCLING,1994,24
Austria,RECYCLING,1995,21
Austria,RECYCLING,1996,20
Austria,RECYCLING,1997,20
Austria,RECYCLING,1998,21
Austria,RECYCLING,1999,22
Austria,RECYCLING,2000,22
Austria,RECYCLING,2001,22
Austria,RECYCLING,2002,22
Austria,RECYCLING,2003,21
Austria,RECYCLING,2004,24
Austria,RECYCLING,2005,26
Austria,RECYCLING,2006,26
Austria,RECYCLING,2007,27
Austria,RECYCLING,2008,30
Austria,RECYCLING,2009,31
Austria,RECYCLING,2010,28
Austria,RECYCLING,2011,25
Austria,RECYCLING,2012,25
Austria,RECYCLING,2013,25
Austria,RECYCLING,2014,26
Austria,RECYCLING,2015,26
Austria,RECYCLING,2016,26
Austria,RECYCLING,2017,26
Austria,RECYCLING,2018,26
Austria,RECYCLING,2019,26
Austria,RECYCLING,2020,40
Austria,RECYCLING,2021,41
Austria,RECYCLING,2022,42
Belgium,RECYCLING,1990,5
Belgium,RECYCLING,1991,5
Belgium,RECYCLING,1992,6
Belgium,RECYCLING,1993,7
Belgium,RECYCLING,1994,9
Belgium,RECYCLING,1995,11
Belgium,RECYCLING,1996,15
Belgium,RECYCLING,1997,18
Belgium,RECYCLING,1998,23
Belgium,RECYCLING,1999,26
Belgium,RECYCLING,2000,26
Belgium,RECYCLING,2001,29
Belgium,RECYCLING,2002,30
Belgium,RECYCLING,2003,29
Belgium,RECYCLING,2004,29
Belgium,RECYCLING,2005,31
Belgium,RECYCLING,2006,33
Belgium,RECYCLING,2007,32
Belgium,RECYCLING,2008,33
Belgium,RECYCLING,2009,35
Belgium,RECYCLING,2010,35
Belgium,RECYCLING,2011,35
Belgium,RECYCLING,2012,33
Belgium,RECYCLING,2013,32
Belgium,RECYCLING,2014,33
Belgium,RECYCLING,2015,34
Belgium,RECYCLING,2016,33
Belgium,RECYCLING,2017,34
Belgium,RECYCLING,2018,34
Belgium,RECYCLING,2019,34
Belgium,RECYCLING,2020,32
Belgium,RECYCLING,2021,34
Belgium,RECYCLING,2022,34
Belgium,RECYCLING,2023,34
Canada,RECYCLING,1996,20
Canada,RECYCLING,1998,22
Canada,RECYCLING,2000,18
Canada,RECYCLING,2002,18
Canada,RECYCLING,2004,18
Canada,RECYCLING,2006,17
Canada,RECYCLING,2008,18
Canada,RECYCLING,2010,19
Canada,RECYCLING,2012,19
Canada,RECYCLING,2014,20
Canada,RECYCLING,2016,20
Canada,RECYCLING,2018,20
Chile,RECYCLING,2017,1
Chile,RECYCLING,2019,1
Chile,RECYCLING,2020,2
Chile,RECYCLING,2021,1
Chile,RECYCLING,2022,1
Chile,RECYCLING,2023,1
Costa Rica,RECYCLING,2015,1
Costa Rica,RECYCLING,2016,3
Costa Rica,RECYCLING,2017,8
Costa Rica,RECYCLING,2018,4
Costa Rica,RECYCLING,2019,3
Costa Rica,RECYCLING,2020,3
Costa Rica,RECYCLING,2021,4
Costa Rica,RECYCLING,2022,5
Costa Rica,RECYCLING,2023,8
Czechia,RECYCLING,1998,1
Czechia,RECYCLING,1999,1
Czechia,RECYCLING,2000,1
Czechia,RECYCLING,2001,1
Czechia,RECYCLING,2002,1
Czechia,RECYCLING,2003,1
Czechia,RECYCLING,2004,6
Czechia,RECYCLING,2005,7
Czechia,RECYCLING,2006,8
Czechia,RECYCLING,2007,10
Czechia,RECYCLING,2008,10
Czechia,RECYCLING,2009,12
Czechia,RECYCLING,2010,14
Czechia,RECYCLING,2011,15
Czechia,RECYCLING,2012,21
Czechia,RECYCLING,2013,21
Czechia,RECYCLING,2014,23
Czechia,RECYCLING,2015,25
Czechia,RECYCLING,2016,27
Czechia,RECYCLING,2017,23
Czechia,RECYCLING,2018,23
Czechia,RECYCLING,2019,23
Czechia,RECYCLING,2020,27
Czechia,RECYCLING,2021,30
Denmark,RECYCLING,1985,13
Denmark,RECYCLING,1993,9
Denmark,RECYCLING,1994,17
Denmark,RECYCLING,1995,14
Denmark,RECYCLING,1996,25
Denmark,RECYCLING,1997,21
Denmark,RECYCLING,1998,23
Denmark,RECYCLING,1999,25
Denmark,RECYCLING,2000,21
Denmark,RECYCLING,2001,22
Denmark,RECYCLING,2002,22
Denmark,RECYCLING,2003,26
Denmark,RECYCLING,2004,25
Denmark,RECYCLING,2005,24
Denmark,RECYCLING,2006,24
Denmark,RECYCLING,2007,27
Denmark,RECYCLING,2008,34
Denmark,RECYCLING,2009,31
Denmark,RECYCLING,2010,31
Denmark,RECYCLING,2011,28
Denmark,RECYCLING,2012,27
Denmark,RECYCLING,2013,27
Denmark,RECYCLING,2014,28
Denmark,RECYCLING,2015,29
Denmark,RECYCLING,2016,30
Denmark,RECYCLING,2017,29
Denmark,RECYCLING,2018,32
Denmark,RECYCLING,2019,34
Denmark,RECYCLING,2020,26
Denmark,RECYCLING,2021,31
Denmark,RECYCLING,2022,25
Estonia,RECYCLING,2000,2
Estonia,RECYCLING,2001,4
Estonia,RECYCLING,2002,2
Estonia,RECYCLING,2003,17
Estonia,RECYCLING,2004,27
Estonia,RECYCLING,2005,24
Estonia,RECYCLING,2006,15
Estonia,RECYCLING,2007,23
Estonia,RECYCLING,2008,18
Estonia,RECYCLING,2009,14
Estonia,RECYCLING,2010,12
Estonia,RECYCLING,2011,17
Estonia,RECYCLING,2012,18
Estonia,RECYCLING,2013,14
Estonia,RECYCLING,2014,29
Estonia,RECYCLING,2015,27
Estonia,RECYCLING,2016,28
Estonia,RECYCLING,2017,26
Estonia,RECYCLING,2018,26
Estonia,RECYCLING,2019,30
Estonia,RECYCLING,2020,30
Estonia,RECYCLING,2021,27
Estonia,RECYCLING,2022,33
Estonia,RECYCLING,2023,42
Finland,RECYCLING,1994,30
Finland,RECYCLING,1995,26
Finland,RECYCLING,1996,26
Finland,RECYCLING,1997,25
Finland,RECYCLING,1998,24
Finland,RECYCLING,1999,24
Finland,RECYCLING,2000,23
Finland,RECYCLING,2001,25
Finland,RECYCLING,2002,25
Finland,RECYCLING,2003,25
Finland,RECYCLING,2004,25
Finland,RECYCLING,2005,26
Finland,RECYCLING,2006,26
Finland,RECYCLING,2007,26
Finland,RECYCLING,2008,25
Finland,RECYCLING,2009,24
Finland,RECYCLING,2010,20
Finland,RECYCLING,2011,22
Finland,RECYCLING,2012,22
Finland,RECYCLING,2013,19
Finland,RECYCLING,2014,18
Finland,RECYCLING,2015,28
Finland,RECYCLING,2016,29
Finland,RECYCLING,2017,27
Finland,RECYCLING,2018,29
Finland,RECYCLING,2019,29
Finland,RECYCLING,2020,29
Finland,RECYCLING,2021,27
Finland,RECYCLING,2022,29
Finland,RECYCLING,2023,29
France,RECYCLING,1993,7
France,RECYCLING,1995,9
France,RECYCLING,1996,9
France,RECYCLING,1997,10
France,RECYCLING,1998,12
France,RECYCLING,1999,12
France,RECYCLING,2000,13
France,RECYCLING,2001,14
France,RECYCLING,2002,14
France,RECYCLING,2003,15
France,RECYCLING,2004,15
France,RECYCLING,2005,17
France,RECYCLING,2006,17
France,RECYCLING,2007,18
France,RECYCLING,2008,19
France,RECYCLING,2009,19
France,RECYCLING,2010,20
France,RECYCLING,2011,21
France,RECYCLING,2012,21
France,RECYCLING,2013,22
France,RECYCLING,2014,22
France,RECYCLING,2015,23
France,RECYCLING,2016,22
France,RECYCLING,2017,22
France,RECYCLING,2018,22
France,RECYCLING,2019,22
France,RECYCLING,2020,23
France,RECYCLING,2021,25
France,RECYCLING,2022,24
France,RECYCLING,2023,24
Germany,RECYCLING,1993,28
Germany,RECYCLING,1995,26
Germany,RECYCLING,1996,29
Germany,RECYCLING,1997,30
Germany,RECYCLING,1998,31
Germany,RECYCLING,1999,38
Germany,RECYCLING,2000,38
Germany,RECYCLING,2001,38
Germany,RECYCLING,2002,42
Germany,RECYCLING,2003,43
Germany,RECYCLING,2004,40
Germany,RECYCLING,2005,45
Germany,RECYCLING,2006,46
Germany,RECYCLING,2007,47
Germany,RECYCLING,2008,47
Germany,RECYCLING,2009,46
Germany,RECYCLING,2010,46
Germany,RECYCLING,2011,46
Germany,RECYCLING,2012,47
Germany,RECYCLING,2013,47
Germany,RECYCLING,2014,48
Germany,RECYCLING,2015,49
Germany,RECYCLING,2016,49
Germany,RECYCLING,2017,49
Germany,RECYCLING,2018,49
Germany,RECYCLING,2019,48
Germany,RECYCLING,2020,46
Germany,RECYCLING,2021,46
Germany,RECYCLING,2022,47
Germany,RECYCLING,2023,45
Greece,RECYCLING,1990,6
Greece,RECYCLING,1992,7
Greece,RECYCLING,1997,8
Greece,RECYCLING,1998,8
Greece,RECYCLING,1999,8
Greece,RECYCLING,2000,8
Greece,RECYCLING,2001,8
Greece,RECYCLING,2002,8
Greece,RECYCLING,2003,8
Greece,RECYCLING,2004,10
Greece,RECYCLING,2005,11
Greece,RECYCLING,2006,11
Greece,RECYCLING,2007,18
Greece,RECYCLING,2008,16
Greece,RECYCLING,2009,18
Greece,RECYCLING,2010,15
Greece,RECYCLING,2011,15
Greece,RECYCLING,2012,14
Greece,RECYCLING,2013,12
Greece,RECYCLING,2014,12
Greece,RECYCLING,2015,13
Greece,RECYCLING,2016,14
Greece,RECYCLING,2017,15
Greece,RECYCLING,2018,15
Greece,RECYCLING,2019,16
Greece,RECYCLING,2020,16
Greece,RECYCLING,2021,16
Greece,RECYCLING,2022,16
Hungary,RECYCLING,1995,2
Hungary,RECYCLING,1996,1
Hungary,RECYCLING,1997,1
Hungary,RECYCLING,1998,1
Hungary,RECYCLING,1999,1
Hungary,RECYCLING,2000,1
Hungary,RECYCLING,2001,1
Hungary,RECYCLING,2002,2
Hungary,RECYCLING,2003,3
Hungary,RECYCLING,2004,11
Hungary,RECYCLING,2005,9
Hungary,RECYCLING,2006,9
Hungary,RECYCLING,2007,11
Hungary,RECYCLING,2008,14
Hungary,RECYCLING,2009,13
Hungary,RECYCLING,2010,16
Hungary,RECYCLING,2011,17
Hungary,RECYCLING,2012,21
Hungary,RECYCLING,2013,21
Hungary,RECYCLING,2014,25
Hungary,RECYCLING,2015,26
Hungary,RECYCLING,2016,27
Hungary,RECYCLING,2017,27
Hungary,RECYCLING,2018,29
Hungary,RECYCLING,2019,27
Hungary,RECYCLING,2020,22
Hungary,RECYCLING,2021,25
Hungary,RECYCLING,2022,25
Hungary,RECYCLING,2023,19
Iceland,RECYCLING,1995,5
Iceland,RECYCLING,1996,7
Iceland,RECYCLING,1997,7
Iceland,RECYCLING,1998,9
Iceland,RECYCLING,1999,11
Iceland,RECYCLING,2000,13
Iceland,RECYCLING,2001,14
Iceland,RECYCLING,2002,14
Iceland,RECYCLING,2003,14
Iceland,RECYCLING,2004,14
Iceland,RECYCLING,2008,17
Iceland,RECYCLING,2009,16
Iceland,RECYCLING,2010,16
Iceland,RECYCLING,2011,20
Iceland,RECYCLING,2012,24
Iceland,RECYCLING,2013,25
Iceland,RECYCLING,2014,21
Iceland,RECYCLING,2015,21
Iceland,RECYCLING,2016,25
Iceland,RECYCLING,2017,19
Iceland,RECYCLING,2018,21
Iceland,RECYCLING,2019,19
Iceland,RECYCLING,2020,18
Iceland,RECYCLING,2021,22
Iceland,RECYCLING,2022,21
Ireland,RECYCLING,1995,7
Ireland,RECYCLING,1996,7
Ireland,RECYCLING,1997,8
Ireland,RECYCLING,1998,8
Ireland,RECYCLING,1999,9
Ireland,RECYCLING,2000,11
Ireland,RECYCLING,2001,12
Ireland,RECYCLING,2002,19
Ireland,RECYCLING,2003,25
Ireland,RECYCLING,2004,31
Ireland,RECYCLING,2005,32
Ireland,RECYCLING,2006,34
Ireland,RECYCLING,2007,34
Ireland,RECYCLING,2008,31
Ireland,RECYCLING,2009,32
Ireland,RECYCLING,2010,35
Ireland,RECYCLING,2011,34
Ireland,RECYCLING,2012,34
Ireland,RECYCLING,2013,34
Ireland,RECYCLING,2014,34
Ireland,RECYCLING,2015,34
Ireland,RECYCLING,2016,34
Ireland,RECYCLING,2017,32
Ireland,RECYCLING,2018,30
Ireland,RECYCLING,2019,28
Ireland,RECYCLING,2020,30
Israel,RECYCLING,2013,7
Israel,RECYCLING,2014,8
Israel,RECYCLING,2015,7
Israel,RECYCLING,2016,7
Israel,RECYCLING,2017,7
Israel,RECYCLING,2018,7
Israel,RECYCLING,2019,7
Israel,RECYCLING,2020,7
Israel,RECYCLING,2021,7
Israel,RECYCLING,2022,7
Israel,RECYCLING,2023,7
Italy,RECYCLING,1995,3
Italy,RECYCLING,1996,5
Italy,RECYCLING,1997,7
Italy,RECYCLING,1998,9
Italy,RECYCLING,1999,10
Italy,RECYCLING,2000,10
Italy,RECYCLING,2001,13
Italy,RECYCLING,2002,11
Italy,RECYCLING,2003,12
Italy,RECYCLING,2004,13
Italy,RECYCLING,2005,14
Italy,RECYCLING,2006,14
Italy,RECYCLING,2007,19
Italy,RECYCLING,2008,16
Italy,RECYCLING,2009,20
Italy,RECYCLING,2010,20
Italy,RECYCLING,2011,24
Italy,RECYCLING,2012,25
Italy,RECYCLING,2013,26
Italy,RECYCLING,2014,27
Italy,RECYCLING,2015,29
Italy,RECYCLING,2016,30
Italy,RECYCLING,2017,30
Italy,RECYCLING,2018,32
Italy,RECYCLING,2019,32
Italy,RECYCLING,2020,30
Italy,RECYCLING,2021,30
Italy,RECYCLING,2022,32
Japan,RECYCLING,1985,13
Japan,RECYCLING,1986,12
Japan,RECYCLING,1987,14
Japan,RECYCLING,1988,15
Japan,RECYCLING,1989,16
Japan,RECYCLING,1990,19
Japan,RECYCLING,1991,21
Japan,RECYCLING,1992,26
Japan,RECYCLING,1993,28
Japan,RECYCLING,1994,33
Japan,RECYCLING,1995,10
Japan,RECYCLING,1996,10
Japan,RECYCLING,1997,11
Japan,RECYCLING,1998,12
Japan,RECYCLING,1999,13
Japan,RECYCLING,2000,14
Japan,RECYCLING,2001,15
Japan,RECYCLING,2002,16
Japan,RECYCLING,2003,17
Japan,RECYCLING,2004,18
Japan,RECYCLING,2005,19
Japan,RECYCLING,2006,20
Japan,RECYCLING,2007,20
Japan,RECYCLING,2008,19
Japan,RECYCLING,2009,19
Japan,RECYCLING,2010,19
Japan,RECYCLING,2011,20
Japan,RECYCLING,2012,20
Japan,RECYCLING,2013,20
Japan,RECYCLING,2014,21
Japan,RECYCLING,2015,20
Japan,RECYCLING,2016,20
Japan,RECYCLING,2017,20
Japan,RECYCLING,2018,20
Japan,RECYCLING,2019,19
Japan,RECYCLING,2020,19
Japan,RECYCLING,2021,19
Korea,RECYCLING,1985,2
Korea,RECYCLING,1987,2
Korea,RECYCLING,1988,2
Korea,RECYCLING,1989,3
Korea,RECYCLING,1990,5
Korea,RECYCLING,1991,7
Korea,RECYCLING,1992,8
Korea,RECYCLING,1993,12
Korea,RECYCLING,1994,16
Korea,RECYCLING,1995,23
Korea,RECYCLING,1996,28
Korea,RECYCLING,1997,31
Korea,RECYCLING,1998,38
Korea,RECYCLING,1999,42
Korea,RECYCLING,2000,41
Korea,RECYCLING,2001,50
Korea,RECYCLING,2002,44
Korea,RECYCLING,2003,45
Korea,RECYCLING,2004,49
Korea,RECYCLING,2005,56
Korea,RECYCLING,2008,58
Korea,RECYCLING,2009,60
Korea,RECYCLING,2010,60
Korea,RECYCLING,2011,58
Korea,RECYCLING,2012,58
Korea,RECYCLING,2013,59
Korea,RECYCLING,2014,58
Korea,RECYCLING,2015,58
Korea,RECYCLING,2016,59
Korea,RECYCLING,2017,61
Korea,RECYCLING,2018,62
Korea,RECYCLING,2019,57
Korea,RECYCLING,2020,56
Korea,RECYCLING,2021,54
Korea,RECYCLING,2022,57
Latvia,RECYCLING,2003,2
Latvia,RECYCLING,2004,4
Latvia,RECYCLING,2005,4
Latvia,RECYCLING,2006,4
Latvia,RECYCLING,2007,5
Latvia,RECYCLING,2008,6
Latvia,RECYCLING,2009,7
Latvia,RECYCLING,2010,9
Latvia,RECYCLING,2011,10
Latvia,RECYCLING,2012,14
Latvia,RECYCLING,2013,20
Latvia,RECYCLING,2014,24
Latvia,RECYCLING,2015,25
Latvia,RECYCLING,2016,16
Latvia,RECYCLING,2017,19
Latvia,RECYCLING,2018,22
Latvia,RECYCLING,2019,35
Latvia,RECYCLING,2020,34
Latvia,RECYCLING,2021,36
Latvia,RECYCLING,2022,35
Lithuania,RECYCLING,2004,1
Lithuania,RECYCLING,2005,1
Lithuania,RECYCLING,2006,1
Lithuania,RECYCLING,2007,6
Lithuania,RECYCLING,2008,7
Lithuania,RECYCLING,2009,7
Lithuania,RECYCLING,2010,4
Lithuania,RECYCLING,2011,19
Lithuania,RECYCLING,2012,20
Lithuania,RECYCLING,2013,21
Lithuania,RECYCLING,2014,21
Lithuania,RECYCLING,2015,23
Lithuania,RECYCLING,2016,26
Lithuania,RECYCLING,2017,24
Lithuania,RECYCLING,2018,27
Lithuania,RECYCLING,2019,31
Lithuania,RECYCLING,2020,27
Lithuania,RECYCLING,2021,27
Lithuania,RECYCLING,2022,26
Lithuania,RECYCLING,2023,25
Luxembourg,RECYCLING,1995,13
Luxembourg,RECYCLING,1996,15
Luxembourg,RECYCLING,1997,18
Luxembourg,RECYCLING,1998,20
Luxembourg,RECYCLING,1999,19
Luxembourg,RECYCLING,2000,22
Luxembourg,RECYCLING,2001,23
Luxembourg,RECYCLING,2002,23
Luxembourg,RECYCLING,2003,23
Luxembourg,RECYCLING,2004,23
Luxembourg,RECYCLING,2005,26
Luxembourg,RECYCLING,2006,26
Luxembourg,RECYCLING,2007,26
Luxembourg,RECYCLING,2008,26
Luxembourg,RECYCLING,2009,26
Luxembourg,RECYCLING,2010,27
Luxembourg,RECYCLING,2011,28
Luxembourg,RECYCLING,2012,28
Luxembourg,RECYCLING,2013,28
Luxembourg,RECYCLING,2014,28
Luxembourg,RECYCLING,2015,29
Luxembourg,RECYCLING,2016,29
Luxembourg,RECYCLING,2017,30
Luxembourg,RECYCLING,2018,30
Luxembourg,RECYCLING,2019,30
Luxembourg,RECYCLING,2020,29
Luxembourg,RECYCLING,2021,30
Luxembourg,RECYCLING,2022,32
Luxembourg,RECYCLING,2023,31
Mexico,RECYCLING,1991,1
Mexico,RECYCLING,1992,2
Mexico,RECYCLING,1993,2
Mexico,RECYCLING,1994,2
Mexico,RECYCLING,1995,2
Mexico,RECYCLING,1996,2
Mexico,RECYCLING,1997,2
Mexico,RECYCLING,1998,2
Mexico,RECYCLING,1999,2
Mexico,RECYCLING,2000,2
Mexico,RECYCLING,2001,2
Mexico,RECYCLING,2002,2
Mexico,RECYCLING,2003,2
Mexico,RECYCLING,2004,3
Mexico,RECYCLING,2005,3
Mexico,RECYCLING,2006,3
Mexico,RECYCLING,2007,3
Mexico,RECYCLING,2008,4
Mexico,RECYCLING,2009,4
Mexico,RECYCLING,2010,4
Mexico,RECYCLING,2011,5
Mexico,RECYCLING,2012,5
Netherlands,RECYCLING,1985,3
Netherlands,RECYCLING,1991,8
Netherlands,RECYCLING,1993,12
Netherlands,RECYCLING,1994,12
Netherlands,RECYCLING,1995,13
Netherlands,RECYCLING,1996,14
Netherlands,RECYCLING,1997,14
Netherlands,RECYCLING,1998,16
Netherlands,RECYCLING,1999,16
Netherlands,RECYCLING,2000,17
Netherlands,RECYCLING,2001,17
Netherlands,RECYCLING,2002,18
Netherlands,RECYCLING,2003,19
Netherlands,RECYCLING,2004,19
Netherlands,RECYCLING,2005,19
Netherlands,RECYCLING,2006,20
Netherlands,RECYCLING,2007,21
Netherlands,RECYCLING,2008,25
Netherlands,RECYCLING,2009,24
Netherlands,RECYCLING,2010,25
Netherlands,RECYCLING,2011,24
Netherlands,RECYCLING,2012,24
Netherlands,RECYCLING,2013,24
Netherlands,RECYCLING,2014,24
Netherlands,RECYCLING,2015,25
Netherlands,RECYCLING,2016,26
Netherlands,RECYCLING,2017,26
Netherlands,RECYCLING,2018,27
Netherlands,RECYCLING,2019,28
Netherlands,RECYCLING,2020,28
Netherlands,RECYCLING,2021,28
Netherlands,RECYCLING,2022,28
Netherlands,RECYCLING,2023,28
Norway,RECYCLING,1992,8
Norway,RECYCLING,1993,10
Norway,RECYCLING,1994,11
Norway,RECYCLING,1995,12
Norway,RECYCLING,1996,17
Norway,RECYCLING,1997,20
Norway,RECYCLING,1998,17
Norway,RECYCLING,1999,22
Norway,RECYCLING,2000,22
Norway,RECYCLING,2001,30
Norway,RECYCLING,2002,31
Norway,RECYCLING,2003,31
Norway,RECYCLING,2004,25
Norway,RECYCLING,2005,26
Norway,RECYCLING,2006,27
Norway,RECYCLING,2007,28
Norway,RECYCLING,2008,29
Norway,RECYCLING,2009,27
Norway,RECYCLING,2010,27
Norway,RECYCLING,2011,25
Norway,RECYCLING,2012,26
Norway,RECYCLING,2013,23
Norway,RECYCLING,2014,26
Norway,RECYCLING,2015,26
Norway,RECYCLING,2016,28
Norway,RECYCLING,2017,29
Norway,RECYCLING,2018,31
Norway,RECYCLING,2019,30
Norway,RECYCLING,2020,35
Norway,RECYCLING,2021,29
Norway,RECYCLING,2022,31
Norway,RECYCLING,2023,31
Poland,RECYCLING,2001,1
Poland,RECYCLING,2002,1
Poland,RECYCLING,2003,1
Poland,RECYCLING,2004,3
Poland,RECYCLING,2005,4
Poland,RECYCLING,2006,5
Poland,RECYCLING,2007,6
Poland,RECYCLING,2008,9
Poland,RECYCLING,2009,14
Poland,RECYCLING,2010,18
Poland,RECYCLING,2011,12
Poland,RECYCLING,2012,13
Poland,RECYCLING,2013,16
Poland,RECYCLING,2014,21
Poland,RECYCLING,2015,26
Poland,RECYCLING,2016,28
Poland,RECYCLING,2017,27
Poland,RECYCLING,2018,26
Poland,RECYCLING,2019,25
Poland,RECYCLING,2020,27
Poland,RECYCLING,2021,27
Poland,RECYCLING,2022,27
Poland,RECYCLING,2023,20
Portugal,RECYCLING,1995,1
Portugal,RECYCLING,1996,1
Portugal,RECYCLING,1997,2
Portugal,RECYCLING,1998,2
Portugal,RECYCLING,1999,2
Portugal,RECYCLING,2000,3
Portugal,RECYCLING,2001,4
Portugal,RECYCLING,2002,5
Portugal,RECYCLING,2003,5
Portugal,RECYCLING,2004,7
Portugal,RECYCLING,2005,9
Portugal,RECYCLING,2006,10
Portugal,RECYCLING,2007,11
Portugal,RECYCLING,2008,10
Portugal,RECYCLING,2009,12
Portugal,RECYCLING,2010,11
Portugal,RECYCLING,2011,11
Portugal,RECYCLING,2012,12
Portugal,RECYCLING,2013,13
Portugal,RECYCLING,2014,16
Portugal,RECYCLING,2015,15
Portugal,RECYCLING,2016,15
Portugal,RECYCLING,2017,13
Portugal,RECYCLING,2018,13
Portugal,RECYCLING,2019,13
Portugal,RECYCLING,2020,12
Portugal,RECYCLING,2021,13
Portugal,RECYCLING,2022,12
Portugal,RECYCLING,2023,12
Slovak Republic,RECYCLING,1995,2
Slovak Republic,RECYCLING,1996,1
Slovak Republic,RECYCLING,1997,2
Slovak Republic,RECYCLING,1998,2
Slovak Republic,RECYCLING,1999,2
Slovak Republic,RECYCLING,2000,3
Slovak Republic,RECYCLING,2001,3
Slovak Republic,RECYCLING,2002,3
Slovak Republic,RECYCLING,2003,3
Slovak Republic,RECYCLING,2004,3
Slovak Republic,RECYCLING,2005,1
Slovak Republic,RECYCLING,2006,1
Slovak Republic,RECYCLING,2007,3
Slovak Republic,RECYCLING,2008,4
Slovak Republic,RECYCLING,2009,4
Slovak Republic,RECYCLING,2010,6
Slovak Republic,RECYCLING,2011,7
Slovak Republic,RECYCLING,2012,8
Slovak Republic,RECYCLING,2013,7
Slovak Republic,RECYCLING,2014,5
Slovak Republic,RECYCLING,2015,8
Slovak Republic,RECYCLING,2016,16
Slovak Republic,RECYCLING,2017,21
Slovak Republic,RECYCLING,2018,27
Slovak Republic,RECYCLING,2019,27
Slovak Republic,RECYCLING,2020,32
Slovak Republic,RECYCLING,2021,34
Slovak Republic,RECYCLING,2022,34
Slovak Republic,RECYCLING,2023,33
Slovenia,RECYCLING,1995,2
Slovenia,RECYCLING,1996,5
Slovenia,RECYCLING,1997,5
Slovenia,RECYCLING,1998,8
Slovenia,RECYCLING,1999,5
Slovenia,RECYCLING,2000,5
Slovenia,RECYCLING,2001,2
Slovenia,RECYCLING,2002,8
Slovenia,RECYCLING,2003,11
Slovenia,RECYCLING,2004,22
Slovenia,RECYCLING,2005,20
Slovenia,RECYCLING,2006,16
Slovenia,RECYCLING,2007,24
Slovenia,RECYCLING,2008,21
Slovenia,RECYCLING,2009,22
Slovenia,RECYCLING,2010,21
Slovenia,RECYCLING,2011,31
Slovenia,RECYCLING,2012,38
Slovenia,RECYCLING,2013,29
Slovenia,RECYCLING,2014,30
Slovenia,RECYCLING,2015,50
Slovenia,RECYCLING,2016,48
Slovenia,RECYCLING,2017,53
Slovenia,RECYCLING,2018,54
Slovenia,RECYCLING,2019,51
Slovenia,RECYCLING,2020,57
Slovenia,RECYCLING,2021,59
Slovenia,RECYCLING,2022,55
Slovenia,RECYCLING,2023,54
Spain,RECYCLING,1990,1
Spain,RECYCLING,1991,1
Spain,RECYCLING,1992,1
Spain,RECYCLING,1993,1
Spain,RECYCLING,1994,1
Spain,RECYCLING,1995,10
Spain,RECYCLING,1996,11
Spain,RECYCLING,1997,12
Spain,RECYCLING,1998,13
Spain,RECYCLING,1999,11
Spain,RECYCLING,2000,9
Spain,RECYCLING,2001,13
Spain,RECYCLING,2002,16
Spain,RECYCLING,2003,15
Spain,RECYCLING,2004,17
Spain,RECYCLING,2005,16
Spain,RECYCLING,2006,14
Spain,RECYCLING,2007,13
Spain,RECYCLING,2008,15
Spain,RECYCLING,2009,15
Spain,RECYCLING,2010,18
Spain,RECYCLING,2011,17
Spain,RECYCLING,2012,20
Spain,RECYCLING,2013,16
Spain,RECYCLING,2014,17
Spain,RECYCLING,2015,18
Spain,RECYCLING,2016,18
Spain,RECYCLING,2017,18
Spain,RECYCLING,2018,18
Spain,RECYCLING,2019,20
Spain,RECYCLING,2020,20
Spain,RECYCLING,2021,22
Spain,RECYCLING,2022,21
Spain,RECYCLING,2023,21
Sweden,RECYCLING,1990,12
Sweden,RECYCLING,1994,18
Sweden,RECYCLING,1995,20
Sweden,RECYCLING,1996,23
Sweden,RECYCLING,1997,25
Sweden,RECYCLING,1998,27
Sweden,RECYCLING,1999,29
Sweden,RECYCLING,2000,29
Sweden,RECYCLING,2001,29
Sweden,RECYCLING,2002,31
Sweden,RECYCLING,2003,32
Sweden,RECYCLING,2004,33
Sweden,RECYCLING,2005,34
Sweden,RECYCLING,2006,37
Sweden,RECYCLING,2007,36
Sweden,RECYCLING,2008,34
Sweden,RECYCLING,2009,37
Sweden,RECYCLING,2010,34
Sweden,RECYCLING,2011,33
Sweden,RECYCLING,2012,32
Sweden,RECYCLING,2013,33
Sweden,RECYCLING,2014,33
Sweden,RECYCLING,2015,32
Sweden,RECYCLING,2016,32
Sweden,RECYCLING,2017,31
Sweden,RECYCLING,2018,30
Sweden,RECYCLING,2019,32
Sweden,RECYCLING,2020,20
Sweden,RECYCLING,2021,20
Sweden,RECYCLING,2022,21
Sweden,RECYCLING,2023,20
Switzerland,RECYCLING,1985,15
Switzerland,RECYCLING,1986,75
Switzerland,RECYCLING,1987,76
Switzerland,RECYCLING,1988,77
Switzerland,RECYCLING,1989,79
Switzerland,RECYCLING,1990,22
Switzerland,RECYCLING,1991,23
Switzerland,RECYCLING,1992,24
Switzerland,RECYCLING,1993,25
Switzerland,RECYCLING,1994,28
Switzerland,RECYCLING,1995,29
Switzerland,RECYCLING,1996,31
Switzerland,RECYCLING,1997,31
Switzerland,RECYCLING,1998,32
Switzerland,RECYCLING,1999,32
Switzerland,RECYCLING,2000,32
Switzerland,RECYCLING,2001,33
Switzerland,RECYCLING,2002,32
Switzerland,RECYCLING,2003,32
Switzerland,RECYCLING,2004,33
Switzerland,RECYCLING,2005,35
Switzerland,RECYCLING,2006,33
Switzerland,RECYCLING,2007,34
Switzerland,RECYCLING,2008,33
Switzerland,RECYCLING,2009,34
Switzerland,RECYCLING,2010,34
Switzerland,RECYCLING,2011,35
Switzerland,RECYCLING,2012,35
Switzerland,RECYCLING,2013,34
Switzerland,RECYCLING,2014,33
Switzerland,RECYCLING,2015,32
Switzerland,RECYCLING,2016,31
Switzerland,RECYCLING,2017,31
Switzerland,RECYCLING,2018,31
Switzerland,RECYCLING,2019,30
Switzerland,RECYCLING,2020,30
Switzerland,RECYCLING,2021,29
Switzerland,RECYCLING,2022,29
Switzerland,RECYCLING,2023,29
Türkiye,RECYCLING,2016,9
Türkiye,RECYCLING,2017,9
Türkiye,RECYCLING,2018,12
Türkiye,RECYCLING,2019,12
Türkiye,RECYCLING,2020,13
Türkiye,RECYCLING,2021,13
United Kingdom,RECYCLING,1995,7
United Kingdom,RECYCLING,1996,6
United Kingdom,RECYCLING,1997,7
United Kingdom,RECYCLING,1998,9
United Kingdom,RECYCLING,1999,10
United Kingdom,RECYCLING,2000,8
United Kingdom,RECYCLING,2001,9
United Kingdom,RECYCLING,2002,11
United Kingdom,RECYCLING,2003,13
United Kingdom,RECYCLING,2004,16
United Kingdom,RECYCLING,2005,18
United Kingdom,RECYCLING,2006,20
United Kingdom,RECYCLING,2007,22
United Kingdom,RECYCLING,2008,23
United Kingdom,RECYCLING,2009,24
United Kingdom,RECYCLING,2010,25
United Kingdom,RECYCLING,2011,26
United Kingdom,RECYCLING,2012,27
United Kingdom,RECYCLING,2013,27
United Kingdom,RECYCLING,2014,27
United Kingdom,RECYCLING,2015,27
United Kingdom,RECYCLING,2016,27
United Kingdom,RECYCLING,2017,27
United Kingdom,RECYCLING,2018,27
United Kingdom,RECYCLING,2019,27
United Kingdom,RECYCLING,2020,26
United Kingdom,RECYCLING,2021,26
United Kingdom,RECYCLING,2022,26
United States,RECYCLING,1980,10
United States,RECYCLING,1990,14
United States,RECYCLING,1991,13
United States,RECYCLING,1992,15
United States,RECYCLING,1993,15
United States,RECYCLING,1994,20
United States,RECYCLING,1995,21
United States,RECYCLING,1996,19
United States,RECYCLING,1997,18
United States,RECYCLING,1998,21
United States,RECYCLING,1999,22
United States,RECYCLING,2000,22
United States,RECYCLING,2001,22
United States,RECYCLING,2002,22
United States,RECYCLING,2003,23
United States,RECYCLING,2004,23
United States,RECYCLING,2005,23
United States,RECYCLING,2006,24
United States,RECYCLING,2007,25
United States,RECYCLING,2008,25
United States,RECYCLING,2009,25
United States,RECYCLING,2010,26
United States,RECYCLING,2011,26
United States,RECYCLING,2012,26
United States,RECYCLING,2013,25
United States,RECYCLING,2014,26
United States,RECYCLING,2015,26
United States,RECYCLING,2016,26
United States,RECYCLING,2017,25
United States,RECYCLING,2018,24
European Union (27 countries from 01/02/2020),RECYCLING,1995,12
European Union (27 countries from 01/02/2020),RECYCLING,1996,14
European Union (27 countries from 01/02/2020),RECYCLING,1997,15
European Union (27 countries from 01/02/2020),RECYCLING,1998,16
European Union (27 countries from 01/02/2020),RECYCLING,1999,18
European Union (27 countries from 01/02/2020),RECYCLING,2000,18
European Union (27 countries from 01/02/2020),RECYCLING,2001,19
European Union (27 countries from 01/02/2020),RECYCLING,2002,20
European Union (27 countries from 01/02/2020),RECYCLING,2003,21
European Union (27 countries from 01/02/2020),RECYCLING,2004,21
European Union (27 countries from 01/02/2020),RECYCLING,2005,22
European Union (27 countries from 01/02/2020),RECYCLING,2006,23
European Union (27 countries from 01/02/2020),RECYCLING,2007,24
European Union (27 countries from 01/02/2020),RECYCLING,2008,24
European Union (27 countries from 01/02/2020),RECYCLING,2009,25
European Union (27 countries from 01/02/2020),RECYCLING,2010,26
European Union (27 countries from 01/02/2020),RECYCLING,2011,26
European Union (27 countries from 01/02/2020),RECYCLING,2012,28
European Union (27 countries from 01/02/2020),RECYCLING,2013,27
European Union (27 countries from 01/02/2020),RECYCLING,2014,29
European Union (27 countries from 01/02/2020),RECYCLING,2015,30
European Union (27 countries from 01/02/2020),RECYCLING,2016,30
European Union (27 countries from 01/02/2020),RECYCLING,2017,30
European Union (27 countries from 01/02/2020),RECYCLING,2018,30
European Union (27 countries from 01/02/2020),RECYCLING,2019,30
European Union (27 countries from 01/02/2020),RECYCLING,2020,30
European Union (27 countries from 01/02/2020),RECYCLING,2021,31
European Union (27 countries from 01/02/2020),RECYCLING,2022,31
European Union (27 countries from 01/02/2020),RECYCLING,2023,30
Argentina,RECYCLING,2005,6
Argentina,RECYCLING,2010,6
Argentina,RECYCLING,2019,6
Argentina,RECYCLING,2020,6
Argentina,RECYCLING,2021,6
Argentina,RECYCLING,2022,6
Bangladesh,RECYCLING,2019,1
Bangladesh,RECYCLING,2020,1
Bangladesh,RECYCLING,2021,1
Belarus,RECYCLING,2006,1
Belarus,RECYCLING,2007,1
Belarus,RECYCLING,2008,6
Belarus,RECYCLING,2009,9
Belarus,RECYCLING,2010,9
Belarus,RECYCLING,2011,9
Belarus,RECYCLING,2012,10
Belarus,RECYCLING,2013,12
Belarus,RECYCLING,2014,14
Belarus,RECYCLING,2015,16
Belarus,RECYCLING,2016,16
Belarus,RECYCLING,2017,17
Belarus,RECYCLING,2018,19
Belarus,RECYCLING,2019,21
Belarus,RECYCLING,2020,25
Belarus,RECYCLING,2021,31
Belarus,RECYCLING,2022,34
Belarus,RECYCLING,2023,36
Brazil,RECYCLING,2004,1
Brazil,RECYCLING,2005,1
Brazil,RECYCLING,2006,1
Brazil,RECYCLING,2007,1
Brazil,RECYCLING,2008,8
Brazil,RECYCLING,2009,13
Brazil,RECYCLING,2010,2
Brazil,RECYCLING,2011,1
Brazil,RECYCLING,2012,1
Brazil,RECYCLING,2013,1
Brazil,RECYCLING,2014,2
Brazil,RECYCLING,2015,2
Bulgaria,RECYCLING,1998,20
Bulgaria,RECYCLING,1999,19
Bulgaria,RECYCLING,2000,19
Bulgaria,RECYCLING,2001,19
Bulgaria,RECYCLING,2002,19
Bulgaria,RECYCLING,2003,20
Bulgaria,RECYCLING,2004,20
Bulgaria,RECYCLING,2005,21
Bulgaria,RECYCLING,2006,23
Bulgaria,RECYCLING,2007,22
Bulgaria,RECYCLING,2008,21
Bulgaria,RECYCLING,2009,21
Bulgaria,RECYCLING,2010,25
Bulgaria,RECYCLING,2011,25
Bulgaria,RECYCLING,2012,24
Bulgaria,RECYCLING,2013,25
Bulgaria,RECYCLING,2014,23
Bulgaria,RECYCLING,2015,19
Bulgaria,RECYCLING,2016,23
Bulgaria,RECYCLING,2017,27
Bulgaria,RECYCLING,2018,30
Bulgaria,RECYCLING,2019,27
Bulgaria,RECYCLING,2020,36
Bulgaria,RECYCLING,2021,42
Bulgaria,RECYCLING,2022,23
Croatia,RECYCLING,2007,2
Croatia,RECYCLING,2008,2
Croatia,RECYCLING,2009,2
Croatia,RECYCLING,2010,3
Croatia,RECYCLING,2011,8
Croatia,RECYCLING,2012,13
Croatia,RECYCLING,2013,14
Croatia,RECYCLING,2014,15
Croatia,RECYCLING,2015,17
Croatia,RECYCLING,2016,20
Croatia,RECYCLING,2017,22
Croatia,RECYCLING,2018,25
Croatia,RECYCLING,2019,30
Croatia,RECYCLING,2020,27
Croatia,RECYCLING,2021,29
Croatia,RECYCLING,2022,32
Croatia,RECYCLING,2023,33
Moldova,RECYCLING,2020,4
Moldova,RECYCLING,2021,5
Romania,RECYCLING,2001,2
Romania,RECYCLING,2002,2
Romania,RECYCLING,2004,1
Romania,RECYCLING,2005,2
Romania,RECYCLING,2006,1
Romania,RECYCLING,2007,1
Romania,RECYCLING,2008,1
Romania,RECYCLING,2009,1
Romania,RECYCLING,2010,3
Romania,RECYCLING,2011,3
Romania,RECYCLING,2012,4
Romania,RECYCLING,2013,4
Romania,RECYCLING,2014,5
Romania,RECYCLING,2015,6
Romania,RECYCLING,2016,7
Romania,RECYCLING,2017,8
Romania,RECYCLING,2018,8
Romania,RECYCLING,2019,8
Romania,RECYCLING,2020,6
Romania,RECYCLING,2021,7
Romania,RECYCLING,2022,8
South Africa,RECYCLING,2006,100
South Africa,RECYCLING,2018,19
South Africa,RECYCLING,2019,21
South Africa,RECYCLING,2020,11
South Africa,RECYCLING,2021,22
South Africa,RECYCLING,2022,19
South Africa,RECYCLING,2023,18
Thailand,RECYCLING,2014,26
Thailand,RECYCLING,2015,24
Thailand,RECYCLING,2016,26
Thailand,RECYCLING,2017,30
Thailand,RECYCLING,2018,33
Thailand,RECYCLING,2019,38
Thailand,RECYCLING,2020,21
Thailand,RECYCLING,2021,21
Ukraine,RECYCLING,1990,98
Ukraine,RECYCLING,2007,1
Ukraine,RECYCLING,2008,1
Ukraine,RECYCLING,2009,1
Ukraine,RECYCLING,2010,1
Ukraine,RECYCLING,2011,1
Ukraine,RECYCLING,2012,1
South Africa,RECYCLING,2005,100
Australia,RECYCLING,2003,2701
Australia,RECYCLING,2007,2835
Australia,RECYCLING,2009,3124
Australia,RECYCLING,2010,3399
Australia,RECYCLING,2011,3240
Australia,RECYCLING,2014,3547
Australia,RECYCLING,2015,3446
Australia,RECYCLING,2016,3165
Australia,RECYCLING,2017,2681
Australia,RECYCLING,2018,2819
Australia,RECYCLING,2019,2869
Australia,RECYCLING,2020,2771
Australia,RECYCLING,2021,2281
Australia,RECYCLING,2022,2394
Australia,RECYCLING,2023,2355
Austria,RECYCLING,1990,399
Austria,RECYCLING,1991,511
Austria,RECYCLING,1992,581
Austria,RECYCLING,1993,640
Austria,RECYCLING,1994,785
Austria,RECYCLING,1995,820
Austria,RECYCLING,1996,879
Austria,RECYCLING,1997,941
Austria,RECYCLING,1998,987
Austria,RECYCLING,1999,1061
Austria,RECYCLING,2000,1129
Austria,RECYCLING,2004,1116
Austria,RECYCLING,2005,1180
Austria,RECYCLING,2006,1258
Austria,RECYCLING,2007,1318
Austria,RECYCLING,2008,1476
Austria,RECYCLING,2009,1492
Austria,RECYCLING,2010,1272
Austria,RECYCLING,2011,1146
Austria,RECYCLING,2012,1168
Austria,RECYCLING,2013,1202
Austria,RECYCLING,2014,1231
Austria,RECYCLING,2015,1240
Austria,RECYCLING,2016,1254
Austria,RECYCLING,2017,1296
Austria,RECYCLING,2018,1301
Austria,RECYCLING,2021,3072
Austria,RECYCLING,2022,3022
Belgium,RECYCLING,1990,203
Belgium,RECYCLING,1991,218
Belgium,RECYCLING,1992,260
Belgium,RECYCLING,1993,324
Belgium,RECYCLING,1994,431
Belgium,RECYCLING,1995,519
Belgium,RECYCLING,1996,655
Belgium,RECYCLING,1997,840
Belgium,RECYCLING,1998,1077
Belgium,RECYCLING,1999,1218
Belgium,RECYCLING,2000,1309
Belgium,RECYCLING,2001,1391
Belgium,RECYCLING,2002,1469
Belgium,RECYCLING,2003,1430
Belgium,RECYCLING,2004,1500
Belgium,RECYCLING,2005,1638
Belgium,RECYCLING,2006,1683
Belgium,RECYCLING,2007,1741
Belgium,RECYCLING,2008,1660
Belgium,RECYCLING,2009,1694
Belgium,RECYCLING,2010,1669
Belgium,RECYCLING,2011,1704
Belgium,RECYCLING,2012,1600
Belgium,RECYCLING,2013,1539
Belgium,RECYCLING,2014,1590
Belgium,RECYCLING,2015,1584
Belgium,RECYCLING,2016,1575
Belgium,RECYCLING,2017,1593
Belgium,RECYCLING,2018,1611
Belgium,RECYCLING,2019,1631
Belgium,RECYCLING,2020,2711
Belgium,RECYCLING,2021,3017
Belgium,RECYCLING,2022,2722
Belgium,RECYCLING,2023,2731
Canada,RECYCLING,1996,3219
Canada,RECYCLING,1998,5051
Canada,RECYCLING,2000,5159
Canada,RECYCLING,2002,5331
Canada,RECYCLING,2004,5593
Canada,RECYCLING,2006,5721
Canada,RECYCLING,2008,5978
Canada,RECYCLING,2010,5884
Canada,RECYCLING,2012,6011
Canada,RECYCLING,2014,6388
Canada,RECYCLING,2016,6679
Canada,RECYCLING,2018,6672
Canada,RECYCLING,2020,6750
Chile,RECYCLING,2014,9
Chile,RECYCLING,2015,23
Chile,RECYCLING,2016,23
Chile,RECYCLING,2017,110
Chile,RECYCLING,2018,34
Chile,RECYCLING,2019,50
Chile,RECYCLING,2020,86
Chile,RECYCLING,2021,49
Chile,RECYCLING,2022,70
Chile,RECYCLING,2023,60
Costa Rica,RECYCLING,2015,18
Costa Rica,RECYCLING,2016,40
Costa Rica,RECYCLING,2017,100
Costa Rica,RECYCLING,2018,54
Costa Rica,RECYCLING,2019,40
Costa Rica,RECYCLING,2020,46
Costa Rica,RECYCLING,2021,64
Costa Rica,RECYCLING,2022,76
Costa Rica,RECYCLING,2023,142
Czechia,RECYCLING,1998,17
Czechia,RECYCLING,1999,18
Czechia,RECYCLING,2000,19
Czechia,RECYCLING,2001,15
Czechia,RECYCLING,2002,16
Czechia,RECYCLING,2003,16
Czechia,RECYCLING,2018,1156
Czechia,RECYCLING,2019,1175
Czechia,RECYCLING,2020,1603
Czechia,RECYCLING,2021,1835
Denmark,RECYCLING,1985,290
Denmark,RECYCLING,1993,203
Denmark,RECYCLING,1994,479
Denmark,RECYCLING,1996,800
Denmark,RECYCLING,1997,662
Denmark,RECYCLING,1998,710
Denmark,RECYCLING,1999,820
Denmark,RECYCLING,2000,755
Denmark,RECYCLING,2001,787
Denmark,RECYCLING,2002,796
Denmark,RECYCLING,2003,926
Denmark,RECYCLING,2004,934
Denmark,RECYCLING,2005,977
Denmark,RECYCLING,2006,977
Denmark,RECYCLING,2007,1149
Denmark,RECYCLING,2008,1559
Denmark,RECYCLING,2012,1215
Denmark,RECYCLING,2013,1247
Denmark,RECYCLING,2014,1275
Denmark,RECYCLING,2015,1356
Denmark,RECYCLING,2016,1421
Denmark,RECYCLING,2017,1362
Denmark,RECYCLING,2018,1525
Denmark,RECYCLING,2019,1646
Denmark,RECYCLING,2021,1406
Denmark,RECYCLING,2022,1102
Estonia,RECYCLING,2000,13
Estonia,RECYCLING,2001,15
Estonia,RECYCLING,2002,11
Estonia,RECYCLING,2003,77
Estonia,RECYCLING,2004,142
Estonia,RECYCLING,2005,121
Estonia,RECYCLING,2006,70
Estonia,RECYCLING,2007,122
Estonia,RECYCLING,2009,52
Estonia,RECYCLING,2010,41
Estonia,RECYCLING,2011,58
Estonia,RECYCLING,2012,52
Estonia,RECYCLING,2013,49
Estonia,RECYCLING,2014,125
Estonia,RECYCLING,2015,117
Estonia,RECYCLING,2016,125
Estonia,RECYCLING,2017,127
Estonia,RECYCLING,2018,130
Estonia,RECYCLING,2019,139
Estonia,RECYCLING,2020,133
Estonia,RECYCLING,2021,142
Estonia,RECYCLING,2022,145
Estonia,RECYCLING,2023,194
Finland,RECYCLING,1994,700
Finland,RECYCLING,1995,549
Finland,RECYCLING,1996,547
Finland,RECYCLING,1997,599
Finland,RECYCLING,1998,625
Finland,RECYCLING,1999,651
Finland,RECYCLING,2000,677
Finland,RECYCLING,2001,628
Finland,RECYCLING,2002,621
Finland,RECYCLING,2003,632
Finland,RECYCLING,2004,639
Finland,RECYCLING,2005,652
Finland,RECYCLING,2006,677
Finland,RECYCLING,2007,695
Finland,RECYCLING,2008,715
Finland,RECYCLING,2009,615
Finland,RECYCLING,2010,495
Finland,RECYCLING,2011,592
Finland,RECYCLING,2012,589
Finland,RECYCLING,2013,510
Finland,RECYCLING,2014,474
Finland,RECYCLING,2016,808
Finland,RECYCLING,2017,771
Finland,RECYCLING,2018,886
Finland,RECYCLING,2019,916
Finland,RECYCLING,2020,977
Finland,RECYCLING,2021,933
Finland,RECYCLING,2022,829
Finland,RECYCLING,2023,754
France,RECYCLING,1993,1927
France,RECYCLING,1995,2481
France,RECYCLING,1996,2653
France,RECYCLING,1997,3048
France,RECYCLING,1998,3523
France,RECYCLING,1999,3822
France,RECYCLING,2000,4045
France,RECYCLING,2001,4410
France,RECYCLING,2002,4715
France,RECYCLING,2003,4725
France,RECYCLING,2004,4970
France,RECYCLING,2005,5533
France,RECYCLING,2007,6079
France,RECYCLING,2009,6688
France,RECYCLING,2011,7184
France,RECYCLING,2013,7402
France,RECYCLING,2015,7808
Germany,RECYCLING,1993,8628
Germany,RECYCLING,1995,13384
Germany,RECYCLING,1996,15043
Germany,RECYCLING,1997,16433
Germany,RECYCLING,1998,16528
Germany,RECYCLING,1999,19898
Germany,RECYCLING,2000,20144
Germany,RECYCLING,2001,19632
Germany,RECYCLING,2002,22015
Germany,RECYCLING,2003,21425
Germany,RECYCLING,2004,19587
Germany,RECYCLING,2005,20734
Germany,RECYCLING,2006,21195
Germany,RECYCLING,2007,22555
Germany,RECYCLING,2008,22752
Germany,RECYCLING,2009,22204
Germany,RECYCLING,2010,22476
Germany,RECYCLING,2011,23135
Germany,RECYCLING,2012,23596
Germany,RECYCLING,2013,23094
Germany,RECYCLING,2014,24302
Germany,RECYCLING,2015,25155
Germany,RECYCLING,2016,25435
Germany,RECYCLING,2017,25355
Germany,RECYCLING,2018,24704
Germany,RECYCLING,2020,24910
Germany,RECYCLING,2021,25159
Germany,RECYCLING,2022,23788
Greece,RECYCLING,1990,179
Greece,RECYCLING,1992,226
Greece,RECYCLING,1997,328
Greece,RECYCLING,1998,331
Greece,RECYCLING,1999,346
Greece,RECYCLING,2000,359
Greece,RECYCLING,2001,370
Greece,RECYCLING,2002,375
Greece,RECYCLING,2003,382
Greece,RECYCLING,2004,481
Greece,RECYCLING,2005,543
Greece,RECYCLING,2006,551
Greece,RECYCLING,2007,905
Greece,RECYCLING,2008,797
Greece,RECYCLING,2009,936
Greece,RECYCLING,2010,872
Greece,RECYCLING,2011,832
Greece,RECYCLING,2012,747
Greece,RECYCLING,2013,647
Greece,RECYCLING,2014,652
Greece,RECYCLING,2015,698
Greece,RECYCLING,2016,743
Greece,RECYCLING,2017,798
Greece,RECYCLING,2018,829
Greece,RECYCLING,2019,898
Greece,RECYCLING,2020,878
Greece,RECYCLING,2021,856
Greece,RECYCLING,2022,854
Hungary,RECYCLING,1995,59
Hungary,RECYCLING,1996,60
Hungary,RECYCLING,1997,62
Hungary,RECYCLING,1998,62
Hungary,RECYCLING,1999,61
Hungary,RECYCLING,2000,56
Hungary,RECYCLING,2001,57
Hungary,RECYCLING,2002,67
Hungary,RECYCLING,2003,117
Hungary,RECYCLING,2005,403
Hungary,RECYCLING,2006,432
Hungary,RECYCLING,2007,490
Hungary,RECYCLING,2008,607
Hungary,RECYCLING,2009,576
Hungary,RECYCLING,2010,641
Hungary,RECYCLING,2011,654
Hungary,RECYCLING,2012,832
Hungary,RECYCLING,2013,799
Hungary,RECYCLING,2014,923
Hungary,RECYCLING,2015,963
Hungary,RECYCLING,2016,998
Hungary,RECYCLING,2017,1010
Hungary,RECYCLING,2018,1085
Hungary,RECYCLING,2019,1005
Hungary,RECYCLING,2020,873
Hungary,RECYCLING,2021,1029
Hungary,RECYCLING,2022,973
Hungary,RECYCLING,2023,800
Iceland,RECYCLING,1995,7
Iceland,RECYCLING,1996,9
Iceland,RECYCLING,1997,8
Iceland,RECYCLING,1998,11
Iceland,RECYCLING,1999,14
Iceland,RECYCLING,2000,17
Iceland,RECYCLING,2001,18
Iceland,RECYCLING,2002,19
Iceland,RECYCLING,2003,20
Iceland,RECYCLING,2004,23
Iceland,RECYCLING,2008,36
Iceland,RECYCLING,2009,21
Iceland,RECYCLING,2010,24
Iceland,RECYCLING,2011,32
Iceland,RECYCLING,2012,39
Iceland,RECYCLING,2013,42
Iceland,RECYCLING,2014,37
Iceland,RECYCLING,2015,40
Iceland,RECYCLING,2016,56
Iceland,RECYCLING,2017,43
Iceland,RECYCLING,2018,51
Iceland,RECYCLING,2019,47
Iceland,RECYCLING,2020,40
Iceland,RECYCLING,2021,54
Iceland,RECYCLING,2022,47
Ireland,RECYCLING,1995,124
Ireland,RECYCLING,1996,130
Ireland,RECYCLING,1997,150
Ireland,RECYCLING,1998,161
Ireland,RECYCLING,1999,205
Ireland,RECYCLING,2000,254
Ireland,RECYCLING,2001,284
Ireland,RECYCLING,2002,463
Ireland,RECYCLING,2003,650
Ireland,RECYCLING,2004,835
Ireland,RECYCLING,2005,898
Ireland,RECYCLING,2006,1064
Ireland,RECYCLING,2007,1081
Ireland,RECYCLING,2008,977
Ireland,RECYCLING,2009,902
Ireland,RECYCLING,2010,910
Ireland,RECYCLING,2011,861
Ireland,RECYCLING,2012,828
Ireland,RECYCLING,2013,828
Ireland,RECYCLING,2014,863
Ireland,RECYCLING,2015,863
Ireland,RECYCLING,2016,935
Ireland,RECYCLING,2017,872
Ireland,RECYCLING,2018,851
Israel,RECYCLING,2013,354
Israel,RECYCLING,2014,380
Israel,RECYCLING,2015,368
Israel,RECYCLING,2016,369
Israel,RECYCLING,2017,394
Israel,RECYCLING,2018,389
Israel,RECYCLING,2019,394
Israel,RECYCLING,2020,392
Israel,RECYCLING,2021,437
Israel,RECYCLING,2022,437
Israel,RECYCLING,2023,467
Italy,RECYCLING,1995,930
Italy,RECYCLING,1996,1199
Italy,RECYCLING,1997,1874
Italy,RECYCLING,1998,2235
Italy,RECYCLING,1999,2595
Italy,RECYCLING,2000,2888
Italy,RECYCLING,2001,3513
Italy,RECYCLING,2002,2727
Italy,RECYCLING,2003,3108
Italy,RECYCLING,2004,3509
Italy,RECYCLING,2005,3683
Italy,RECYCLING,2006,3813
Italy,RECYCLING,2008,4631
Italy,RECYCLING,2009,6042
Italy,RECYCLING,2010,6107
Italy,RECYCLING,2011,7149
Italy,RECYCLING,2012,7177
Italy,RECYCLING,2013,7335
Italy,RECYCLING,2014,7472
Italy,RECYCLING,2016,8093
Italy,RECYCLING,2017,8218
Italy,RECYCLING,2018,8675
Italy,RECYCLING,2019,9048
Italy,RECYCLING,2020,8004
Italy,RECYCLING,2021,8127
Italy,RECYCLING,2022,8330
Japan,RECYCLING,1985,1618
Japan,RECYCLING,1986,1556
Japan,RECYCLING,1987,1844
Japan,RECYCLING,1988,1957
Japan,RECYCLING,1989,2220
Japan,RECYCLING,1990,2669
Japan,RECYCLING,1991,3100
Japan,RECYCLING,1992,3728
Japan,RECYCLING,1993,4115
Japan,RECYCLING,1994,4701
Japan,RECYCLING,1995,5100
Japan,RECYCLING,1996,5465
Japan,RECYCLING,1997,5860
Japan,RECYCLING,1998,6491
Japan,RECYCLING,1999,7032
Japan,RECYCLING,2000,7860
Japan,RECYCLING,2001,8247
Japan,RECYCLING,2002,8638
Japan,RECYCLING,2003,9157
Japan,RECYCLING,2004,9400
Japan,RECYCLING,2005,10026
Japan,RECYCLING,2006,10204
Japan,RECYCLING,2007,10304
Japan,RECYCLING,2008,9776
Japan,RECYCLING,2009,9502
Japan,RECYCLING,2010,9446
Japan,RECYCLING,2011,9156
Japan,RECYCLING,2012,9127
Japan,RECYCLING,2013,9117
Japan,RECYCLING,2014,8972
Japan,RECYCLING,2015,8843
Japan,RECYCLING,2016,8619
Japan,RECYCLING,2017,8495
Japan,RECYCLING,2018,8360
Japan,RECYCLING,2019,8236
Japan,RECYCLING,2020,8155
Japan,RECYCLING,2021,8039
Korea,RECYCLING,1985,370
Korea,RECYCLING,1987,570
Korea,RECYCLING,1988,642
Korea,RECYCLING,1989,830
Korea,RECYCLING,1990,1424
Korea,RECYCLING,1991,2477
Korea,RECYCLING,1992,2158
Korea,RECYCLING,1993,2640
Korea,RECYCLING,1994,3258
Korea,RECYCLING,1995,4012
Korea,RECYCLING,1996,4776
Korea,RECYCLING,1997,5076
Korea,RECYCLING,1998,5682
Korea,RECYCLING,1999,6349
Korea,RECYCLING,2000,6996
Korea,RECYCLING,2001,7637
Korea,RECYCLING,2002,8011
Korea,RECYCLING,2003,8372
Korea,RECYCLING,2004,8975
Korea,RECYCLING,2005,9944
Korea,RECYCLING,2008,11096
Korea,RECYCLING,2009,11112
Korea,RECYCLING,2010,10753
Korea,RECYCLING,2011,10412
Korea,RECYCLING,2012,10436
Korea,RECYCLING,2013,10432
Korea,RECYCLING,2014,10586
Korea,RECYCLING,2015,10927
Korea,RECYCLING,2016,11615
Korea,RECYCLING,2017,11829
Korea,RECYCLING,2018,12593
Korea,RECYCLING,2019,11958
Korea,RECYCLING,2020,12729
Korea,RECYCLING,2021,12231
Korea,RECYCLING,2022,13174
Latvia,RECYCLING,2002,3
Latvia,RECYCLING,2003,14
Latvia,RECYCLING,2004,25
Latvia,RECYCLING,2005,26
Latvia,RECYCLING,2006,29
Latvia,RECYCLING,2007,38
Latvia,RECYCLING,2008,43
Latvia,RECYCLING,2009,56
Latvia,RECYCLING,2010,60
Latvia,RECYCLING,2011,62
Latvia,RECYCLING,2012,84
Latvia,RECYCLING,2013,142
Latvia,RECYCLING,2014,170
Latvia,RECYCLING,2015,182
Latvia,RECYCLING,2016,121
Latvia,RECYCLING,2017,141
Latvia,RECYCLING,2018,150
Latvia,RECYCLING,2019,302
Latvia,RECYCLING,2020,294
Latvia,RECYCLING,2021,314
Latvia,RECYCLING,2022,295
Lithuania,RECYCLING,2004,14
Lithuania,RECYCLING,2005,14
Lithuania,RECYCLING,2006,14
Lithuania,RECYCLING,2007,80
Lithuania,RECYCLING,2009,87
Lithuania,RECYCLING,2010,43
Lithuania,RECYCLING,2011,244
Lithuania,RECYCLING,2012,261
Lithuania,RECYCLING,2013,261
Lithuania,RECYCLING,2014,268
Lithuania,RECYCLING,2015,298
Lithuania,RECYCLING,2016,312
Lithuania,RECYCLING,2017,311
Lithuania,RECYCLING,2018,315
Lithuania,RECYCLING,2019,363
Lithuania,RECYCLING,2020,329
Lithuania,RECYCLING,2021,354
Lithuania,RECYCLING,2022,345
Lithuania,RECYCLING,2023,316
Luxembourg,RECYCLING,1995,31
Luxembourg,RECYCLING,1996,37
Luxembourg,RECYCLING,1997,46
Luxembourg,RECYCLING,1998,52
Luxembourg,RECYCLING,1999,52
Luxembourg,RECYCLING,2000,62
Luxembourg,RECYCLING,2001,66
Luxembourg,RECYCLING,2002,66
Luxembourg,RECYCLING,2003,71
Luxembourg,RECYCLING,2004,72
Luxembourg,RECYCLING,2005,80
Luxembourg,RECYCLING,2006,84
Luxembourg,RECYCLING,2007,86
Luxembourg,RECYCLING,2008,89
Luxembourg,RECYCLING,2009,89
Luxembourg,RECYCLING,2010,93
Luxembourg,RECYCLING,2011,98
Luxembourg,RECYCLING,2012,96
Luxembourg,RECYCLING,2013,95
Luxembourg,RECYCLING,2014,99
Luxembourg,RECYCLING,2015,101
Luxembourg,RECYCLING,2017,141
Luxembourg,RECYCLING,2018,145
Luxembourg,RECYCLING,2020,146
Luxembourg,RECYCLING,2021,152
Luxembourg,RECYCLING,2022,150
Luxembourg,RECYCLING,2023,149
Mexico,RECYCLING,1991,144
Mexico,RECYCLING,1992,518
Mexico,RECYCLING,1993,662
Mexico,RECYCLING,1994,695
Mexico,RECYCLING,1995,719
Mexico,RECYCLING,1996,753
Mexico,RECYCLING,1997,690
Mexico,RECYCLING,1998,720
Mexico,RECYCLING,1999,729
Mexico,RECYCLING,2000,724
Mexico,RECYCLING,2001,742
Mexico,RECYCLING,2002,780
Mexico,RECYCLING,2003,820
Mexico,RECYCLING,2004,895
Mexico,RECYCLING,2005,1150
Mexico,RECYCLING,2006,1176
Mexico,RECYCLING,2007,1202
Mexico,RECYCLING,2008,1347
Mexico,RECYCLING,2009,1500
Mexico,RECYCLING,2010,1695
Mexico,RECYCLING,2011,1980
Mexico,RECYCLING,2012,2100
Netherlands,RECYCLING,1985,212
Netherlands,RECYCLING,1991,578
Netherlands,RECYCLING,1993,1225
Netherlands,RECYCLING,1994,1253
Netherlands,RECYCLING,1995,1295
Netherlands,RECYCLING,1996,1437
Netherlands,RECYCLING,1997,1604
Netherlands,RECYCLING,1998,1710
Netherlands,RECYCLING,1999,1822
Netherlands,RECYCLING,2000,1899
Netherlands,RECYCLING,2001,1917
Netherlands,RECYCLING,2002,2022
Netherlands,RECYCLING,2003,2039
Netherlands,RECYCLING,2004,2183
Netherlands,RECYCLING,2005,2142
Netherlands,RECYCLING,2006,2247
Netherlands,RECYCLING,2007,2388
Netherlands,RECYCLING,2009,2384
Netherlands,RECYCLING,2010,2354
Netherlands,RECYCLING,2011,2291
Netherlands,RECYCLING,2012,2196
Netherlands,RECYCLING,2013,2112
Netherlands,RECYCLING,2014,2112
Netherlands,RECYCLING,2015,2176
Netherlands,RECYCLING,2016,2291
Netherlands,RECYCLING,2017,2327
Netherlands,RECYCLING,2018,2395
Netherlands,RECYCLING,2019,2441
Netherlands,RECYCLING,2020,2583
Netherlands,RECYCLING,2021,2514
Netherlands,RECYCLING,2023,2309
Norway,RECYCLING,1990,100
Norway,RECYCLING,1992,176
Norway,RECYCLING,1993,230
Norway,RECYCLING,1994,265
Norway,RECYCLING,1995,322
Norway,RECYCLING,1996,467
Norway,RECYCLING,1997,548
Norway,RECYCLING,1998,482
Norway,RECYCLING,1999,579
Norway,RECYCLING,2000,606
Norway,RECYCLING,2002,560
Norway,RECYCLING,2003,576
Norway,RECYCLING,2004,475
Norway,RECYCLING,2005,519
Norway,RECYCLING,2006,574
Norway,RECYCLING,2007,642
Norway,RECYCLING,2008,670
Norway,RECYCLING,2009,620
Norway,RECYCLING,2010,609
Norway,RECYCLING,2011,598
Norway,RECYCLING,2012,620
Norway,RECYCLING,2013,590
Norway,RECYCLING,2015,572
Norway,RECYCLING,2017,1138
Norway,RECYCLING,2018,1217
Norway,RECYCLING,2019,1241
Norway,RECYCLING,2021,1234
Norway,RECYCLING,2022,1291
Norway,RECYCLING,2023,1252
Poland,RECYCLING,1998,13
Poland,RECYCLING,1999,18
Poland,RECYCLING,2000,13
Poland,RECYCLING,2001,147
Poland,RECYCLING,2002,116
Poland,RECYCLING,2003,145
Poland,RECYCLING,2004,243
Poland,RECYCLING,2005,367
Poland,RECYCLING,2006,487
Poland,RECYCLING,2007,580
Poland,RECYCLING,2008,895
Poland,RECYCLING,2009,1421
Poland,RECYCLING,2010,1783
Poland,RECYCLING,2011,1173
Poland,RECYCLING,2012,1244
Poland,RECYCLING,2013,1499
Poland,RECYCLING,2020,3499
Poland,RECYCLING,2021,3681
Poland,RECYCLING,2022,3585
Portugal,RECYCLING,1995,40
Portugal,RECYCLING,1996,54
Portugal,RECYCLING,1997,67
Portugal,RECYCLING,1998,82
Portugal,RECYCLING,1999,109
Portugal,RECYCLING,2000,157
Portugal,RECYCLING,2001,190
Portugal,RECYCLING,2003,227
Portugal,RECYCLING,2004,320
Portugal,RECYCLING,2005,406
Portugal,RECYCLING,2006,475
Portugal,RECYCLING,2008,567
Portugal,RECYCLING,2009,648
Portugal,RECYCLING,2010,619
Portugal,RECYCLING,2011,595
Portugal,RECYCLING,2012,549
Portugal,RECYCLING,2013,594
Portugal,RECYCLING,2014,765
Portugal,RECYCLING,2015,678
Portugal,RECYCLING,2016,699
Portugal,RECYCLING,2017,604
Portugal,RECYCLING,2018,638
Portugal,RECYCLING,2019,643
Portugal,RECYCLING,2020,673
Portugal,RECYCLING,2021,724
Portugal,RECYCLING,2022,695
Portugal,RECYCLING,2023,696
Slovak Republic,RECYCLING,1995,24
Slovak Republic,RECYCLING,1996,22
Slovak Republic,RECYCLING,1998,28
Slovak Republic,RECYCLING,1999,28
Slovak Republic,RECYCLING,2000,34
Slovak Republic,RECYCLING,2001,36
Slovak Republic,RECYCLING,2002,34
Slovak Republic,RECYCLING,2003,47
Slovak Republic,RECYCLING,2004,46
Slovak Republic,RECYCLING,2006,14
Slovak Republic,RECYCLING,2007,39
Slovak Republic,RECYCLING,2008,60
Slovak Republic,RECYCLING,2009,72
Slovak Republic,RECYCLING,2010,98
Slovak Republic,RECYCLING,2011,113
Slovak Republic,RECYCLING,2012,141
Slovak Republic,RECYCLING,2013,108
Slovak Republic,RECYCLING,2014,88
Slovak Republic,RECYCLING,2015,136
Slovak Republic,RECYCLING,2016,291
Slovak Republic,RECYCLING,2017,433
Slovak Republic,RECYCLING,2018,603
Slovak Republic,RECYCLING,2019,616
Slovak Republic,RECYCLING,2020,810
Slovak Republic,RECYCLING,2021,903
Slovak Republic,RECYCLING,2022,857
Slovak Republic,RECYCLING,2023,837
Slovenia,RECYCLING,1995,21
Slovenia,RECYCLING,1996,54
Slovenia,RECYCLING,1997,54
Slovenia,RECYCLING,1998,90
Slovenia,RECYCLING,1999,50
Slovenia,RECYCLING,2000,47
Slovenia,RECYCLING,2001,14
Slovenia,RECYCLING,2002,62
Slovenia,RECYCLING,2003,92
Slovenia,RECYCLING,2004,183
Slovenia,RECYCLING,2005,169
Slovenia,RECYCLING,2006,145
Slovenia,RECYCLING,2007,217
Slovenia,RECYCLING,2008,190
Slovenia,RECYCLING,2009,189
Slovenia,RECYCLING,2010,203
Slovenia,RECYCLING,2011,258
Slovenia,RECYCLING,2012,270
Slovenia,RECYCLING,2013,239
Slovenia,RECYCLING,2014,259
Slovenia,RECYCLING,2021,502
Slovenia,RECYCLING,2022,477
Slovenia,RECYCLING,2023,490
Spain,RECYCLING,1990,65
Spain,RECYCLING,1991,86
Spain,RECYCLING,1992,105
Spain,RECYCLING,1993,138
Spain,RECYCLING,1994,159
Spain,RECYCLING,1995,1415
Spain,RECYCLING,1996,1640
Spain,RECYCLING,1997,1860
Spain,RECYCLING,1998,2067
Spain,RECYCLING,1999,1920
Spain,RECYCLING,2000,1778
Spain,RECYCLING,2001,2956
Spain,RECYCLING,2002,3811
Spain,RECYCLING,2003,3770
Spain,RECYCLING,2004,3730
Spain,RECYCLING,2005,3685
Spain,RECYCLING,2006,3646
Spain,RECYCLING,2007,3496
Spain,RECYCLING,2008,3898
Spain,RECYCLING,2009,3811
Spain,RECYCLING,2010,4175
Spain,RECYCLING,2011,3782
Spain,RECYCLING,2012,4277
Spain,RECYCLING,2013,3284
Spain,RECYCLING,2014,3526
Spain,RECYCLING,2015,3892
Spain,RECYCLING,2016,3945
Spain,RECYCLING,2017,4033
Spain,RECYCLING,2018,4009
Spain,RECYCLING,2019,4379
Spain,RECYCLING,2020,4434
Spain,RECYCLING,2021,5030
Sweden,RECYCLING,1990,400
Sweden,RECYCLING,1994,637
Sweden,RECYCLING,1995,685
Sweden,RECYCLING,1996,810
Sweden,RECYCLING,1997,923
Sweden,RECYCLING,1998,1046
Sweden,RECYCLING,1999,1094
Sweden,RECYCLING,2000,1091
Sweden,RECYCLING,2001,1135
Sweden,RECYCLING,2002,1295
Sweden,RECYCLING,2003,1314
Sweden,RECYCLING,2004,1385
Sweden,RECYCLING,2005,1474
Sweden,RECYCLING,2006,1658
Sweden,RECYCLING,2007,1591
Sweden,RECYCLING,2008,1520
Sweden,RECYCLING,2009,1604
Sweden,RECYCLING,2010,1414
Sweden,RECYCLING,2011,1408
Sweden,RECYCLING,2012,1405
Sweden,RECYCLING,2013,1445
Sweden,RECYCLING,2014,1420
Sweden,RECYCLING,2015,1418
Sweden,RECYCLING,2016,1435
Sweden,RECYCLING,2017,1426
Sweden,RECYCLING,2018,1320
Sweden,RECYCLING,2019,1497
Sweden,RECYCLING,2021,867
Sweden,RECYCLING,2022,859
Sweden,RECYCLING,2023,830
Switzerland,RECYCLING,1985,588
Switzerland,RECYCLING,1986,639
Switzerland,RECYCLING,1987,705
Switzerland,RECYCLING,1988,781
Switzerland,RECYCLING,1989,852
Switzerland,RECYCLING,1990,911
Switzerland,RECYCLING,1991,951
Switzerland,RECYCLING,1992,987
Switzerland,RECYCLING,1993,1020
Switzerland,RECYCLING,1994,1161
Switzerland,RECYCLING,1995,1240
Switzerland,RECYCLING,1996,1315
Switzerland,RECYCLING,1997,1349
Switzerland,RECYCLING,1998,1406
Switzerland,RECYCLING,1999,1445
Switzerland,RECYCLING,2000,1500
Switzerland,RECYCLING,2001,1584
Switzerland,RECYCLING,2002,1578
Switzerland,RECYCLING,2003,1596
Switzerland,RECYCLING,2004,1640
Switzerland,RECYCLING,2005,1730
Switzerland,RECYCLING,2006,1785
Switzerland,RECYCLING,2007,1855
Switzerland,RECYCLING,2008,1893
Switzerland,RECYCLING,2009,1871
Switzerland,RECYCLING,2010,1878
Switzerland,RECYCLING,2011,1895
Switzerland,RECYCLING,2012,1939
Switzerland,RECYCLING,2013,1919
Switzerland,RECYCLING,2014,1960
Switzerland,RECYCLING,2015,1924
Switzerland,RECYCLING,2016,1874
Switzerland,RECYCLING,2017,1846
Switzerland,RECYCLING,2018,1856
Switzerland,RECYCLING,2019,1817
Switzerland,RECYCLING,2020,1816
Switzerland,RECYCLING,2021,1799
Switzerland,RECYCLING,2022,1695
Switzerland,RECYCLING,2023,1731
Türkiye,RECYCLING,2018,3848
Türkiye,RECYCLING,2020,4146
United Kingdom,RECYCLING,1990,700
United Kingdom,RECYCLING,1995,2020
United Kingdom,RECYCLING,1996,1922
United Kingdom,RECYCLING,1997,2265
United Kingdom,RECYCLING,1998,2763
United Kingdom,RECYCLING,1999,3421
United Kingdom,RECYCLING,2001,3181
United Kingdom,RECYCLING,2002,3733
United Kingdom,RECYCLING,2003,4698
United Kingdom,RECYCLING,2004,5657
United Kingdom,RECYCLING,2005,6362
United Kingdom,RECYCLING,2006,7107
United Kingdom,RECYCLING,2007,7680
United Kingdom,RECYCLING,2008,7775
United Kingdom,RECYCLING,2009,7890
United Kingdom,RECYCLING,2010,8069
United Kingdom,RECYCLING,2011,8134
United Kingdom,RECYCLING,2012,8173
United Kingdom,RECYCLING,2013,8460
United Kingdom,RECYCLING,2014,8466
United Kingdom,RECYCLING,2015,8558
United Kingdom,RECYCLING,2016,8640
United Kingdom,RECYCLING,2017,8324
United Kingdom,RECYCLING,2018,8386
United Kingdom,RECYCLING,2019,8311
United Kingdom,RECYCLING,2020,8032
United Kingdom,RECYCLING,2021,8172
United Kingdom,RECYCLING,2022,7737
United Kingdom,RECYCLING,2023,7659
United States,RECYCLING,1980,13172
United States,RECYCLING,1990,26345
United States,RECYCLING,1991,29511
United States,RECYCLING,1992,32677
United States,RECYCLING,1993,34310
United States,RECYCLING,1994,39245
United States,RECYCLING,1995,41867
United States,RECYCLING,1996,42756
United States,RECYCLING,1997,43472
United States,RECYCLING,1998,44162
United States,RECYCLING,1999,46085
United States,RECYCLING,2000,48090
United States,RECYCLING,2001,48199
United States,RECYCLING,2002,49197
United States,RECYCLING,2003,50839
United States,RECYCLING,2004,52707
United States,RECYCLING,2005,53742
United States,RECYCLING,2006,56118
United States,RECYCLING,2007,57243
United States,RECYCLING,2008,56209
United States,RECYCLING,2009,56273
United States,RECYCLING,2010,59203
United States,RECYCLING,2011,60500
United States,RECYCLING,2012,59393
United States,RECYCLING,2013,58913
United States,RECYCLING,2014,60010
United States,RECYCLING,2015,61289
United States,RECYCLING,2016,62178
United States,RECYCLING,2017,60763
United States,RECYCLING,2018,62677
European Union (27 countries from 01/02/2020),RECYCLING,1995,23096
European Union (27 countries from 01/02/2020),RECYCLING,1996,26359
European Union (27 countries from 01/02/2020),RECYCLING,1997,29538
European Union (27 countries from 01/02/2020),RECYCLING,1998,32132
European Union (27 countries from 01/02/2020),RECYCLING,1999,36569
European Union (27 countries from 01/02/2020),RECYCLING,2000,37518
European Union (27 countries from 01/02/2020),RECYCLING,2001,39596
European Union (27 countries from 01/02/2020),RECYCLING,2002,42967
European Union (27 countries from 01/02/2020),RECYCLING,2003,43123
European Union (27 countries from 01/02/2020),RECYCLING,2004,43447
European Union (27 countries from 01/02/2020),RECYCLING,2005,45896
European Union (27 countries from 01/02/2020),RECYCLING,2006,47437
European Union (27 countries from 01/02/2020),RECYCLING,2007,51956
European Union (27 countries from 01/02/2020),RECYCLING,2008,52758
European Union (27 countries from 01/02/2020),RECYCLING,2009,54287
European Union (27 countries from 01/02/2020),RECYCLING,2010,55328
European Union (27 countries from 01/02/2020),RECYCLING,2011,56490
European Union (27 countries from 01/02/2020),RECYCLING,2012,57519
European Union (27 countries from 01/02/2020),RECYCLING,2013,56446
European Union (27 countries from 01/02/2020),RECYCLING,2014,59398
European Union (27 countries from 01/02/2020),RECYCLING,2015,62679
European Union (27 countries from 01/02/2020),RECYCLING,2016,64613
European Union (27 countries from 01/02/2020),RECYCLING,2017,65451
European Union (27 countries from 01/02/2020),RECYCLING,2018,65762
European Union (27 countries from 01/02/2020),RECYCLING,2019,66981
European Union (27 countries from 01/02/2020),RECYCLING,2020,69632
European Union (27 countries from 01/02/2020),RECYCLING,2021,72840
European Union (27 countries from 01/02/2020),RECYCLING,2022,69062
European Union (27 countries from 01/02/2020),RECYCLING,2023,65873
Argentina,RECYCLING,2005,740
Argentina,RECYCLING,2010,822
Argentina,RECYCLING,2019,1017
Argentina,RECYCLING,2020,1026
Argentina,RECYCLING,2021,1036
Argentina,RECYCLING,2022,1042
Bangladesh,RECYCLING,2019,32
Bangladesh,RECYCLING,2020,33
Bangladesh,RECYCLING,2021,34
Belarus,RECYCLING,2006,32
Belarus,RECYCLING,2007,39
Belarus,RECYCLING,2008,173
Belarus,RECYCLING,2009,288
Belarus,RECYCLING,2010,328
Belarus,RECYCLING,2011,345
Belarus,RECYCLING,2012,373
Belarus,RECYCLING,2013,442
Belarus,RECYCLING,2014,540
Belarus,RECYCLING,2015,583
Belarus,RECYCLING,2016,600
Belarus,RECYCLING,2017,654
Belarus,RECYCLING,2018,714
Belarus,RECYCLING,2019,785
Belarus,RECYCLING,2020,1019
Belarus,RECYCLING,2021,1233
Belarus,RECYCLING,2022,1354
Belarus,RECYCLING,2023,1414
Brazil,RECYCLING,2004,221
Brazil,RECYCLING,2005,320
Brazil,RECYCLING,2006,207
Brazil,RECYCLING,2007,273
Brazil,RECYCLING,2008,2401
Brazil,RECYCLING,2009,3536
Brazil,RECYCLING,2010,1186
Brazil,RECYCLING,2011,487
Brazil,RECYCLING,2012,518
Brazil,RECYCLING,2013,776
Brazil,RECYCLING,2014,937
Brazil,RECYCLING,2015,1023
Bulgaria,RECYCLING,2010,1003
Bulgaria,RECYCLING,2011,895
Bulgaria,RECYCLING,2012,749
Bulgaria,RECYCLING,2013,787
Bulgaria,RECYCLING,2014,677
Bulgaria,RECYCLING,2015,573
Bulgaria,RECYCLING,2016,654
Bulgaria,RECYCLING,2017,827
Bulgaria,RECYCLING,2018,849
Bulgaria,RECYCLING,2019,827
Bulgaria,RECYCLING,2020,908
Bulgaria,RECYCLING,2021,795
Bulgaria,RECYCLING,2022,682
Croatia,RECYCLING,2007,39
Croatia,RECYCLING,2008,35
Croatia,RECYCLING,2009,28
Croatia,RECYCLING,2010,53
Croatia,RECYCLING,2011,123
Croatia,RECYCLING,2012,220
Croatia,RECYCLING,2013,228
Croatia,RECYCLING,2014,236
Croatia,RECYCLING,2015,270
Croatia,RECYCLING,2016,322
Croatia,RECYCLING,2017,366
Croatia,RECYCLING,2018,398
Croatia,RECYCLING,2019,484
Croatia,RECYCLING,2020,412
Croatia,RECYCLING,2021,467
Croatia,RECYCLING,2022,538
Croatia,RECYCLING,2023,544
Moldova,RECYCLING,2020,25
Moldova,RECYCLING,2021,34
Romania,RECYCLING,2001,123
Romania,RECYCLING,2002,170
Romania,RECYCLING,2004,83
Romania,RECYCLING,2005,145
Romania,RECYCLING,2006,41
Romania,RECYCLING,2007,34
Romania,RECYCLING,2008,72
Romania,RECYCLING,2009,78
Romania,RECYCLING,2011,173
Romania,RECYCLING,2012,165
Romania,RECYCLING,2013,215
Romania,RECYCLING,2014,256
Romania,RECYCLING,2015,284
Romania,RECYCLING,2016,337
Romania,RECYCLING,2017,393
Romania,RECYCLING,2018,406
Romania,RECYCLING,2019,384
Romania,RECYCLING,2022,420
South Africa,RECYCLING,2005,261
South Africa,RECYCLING,2006,521
South Africa,RECYCLING,2018,1855306
South Africa,RECYCLING,2019,3442681
South Africa,RECYCLING,2020,1024500
South Africa,RECYCLING,2021,2217915
South Africa,RECYCLING,2022,1464080
South Africa,RECYCLING,2023,1329125
Thailand,RECYCLING,2014,5020
Thailand,RECYCLING,2015,4780
Thailand,RECYCLING,2016,5161
Thailand,RECYCLING,2017,6156
Thailand,RECYCLING,2018,7310
Thailand,RECYCLING,2019,8709
Thailand,RECYCLING,2020,4360
Thailand,RECYCLING,2021,4000
Ukraine,RECYCLING,1990,537
Ukraine,RECYCLING,2007,88
Ukraine,RECYCLING,2008,91
Ukraine,RECYCLING,2009,167
Ukraine,RECYCLING,2010,140
Ukraine,RECYCLING,2011,74
Ukraine,RECYCLING,2012,57
Ukraine,RECYCLING,2013,9
Ukraine,RECYCLING,2014,4
Ukraine,RECYCLING,2015,4
Ukraine,RECYCLING,2016,6
Ukraine,RECYCLING,2017,16
Ukraine,RECYCLING,2018,17
Ukraine,RECYCLING,2020,4
Ukraine,RECYCLING,2021,1
Ukraine,RECYCLING,2023,15
